,lengthFeet,speedLimit,numLanes,dividedTraffic,trafficLights,stopSigns,pedCrossings,dayOfWeek,holiday,timeOfDayMinutes,localWeather,localTraffic,localEvent
count,2000.0,2000.0,2000.0,2000.0,2000.0,2000.0,2000.0,2000.0,2000.0,2000.0,2000.0,2000.0,2000.0
mean,1661.85,35.085,1.9905,0.5035,0.872,0.825,0.916,3.0665,0.026,759.061,0.9465,1.836,0.0055
std,866.1435676837414,14.182501425113156,1.0779567455945003,0.5001127936807871,0.9370459046993147,0.9989364028648091,0.9825613025947431,2.001269669521095,0.15917496139207032,277.10698190177266,1.0738781854468362,1.2271336229051149,0.07397625458970981
min,300.0,15.0,1.0,0.0,0.0,0.0,0.0,0.0,0.0,-255.0,0.0,0.0,0.0
25%,900.0,25.0,1.0,0.0,0.0,0.0,0.0,1.0,0.0,520.5,0.0,1.0,0.0
50%,1800.0,35.0,2.0,1.0,1.0,1.0,1.0,3.0,0.0,758.0,1.0,2.0,0.0
75%,2400.0,45.0,2.0,1.0,1.0,1.0,1.0,5.0,0.0,990.0,1.0,3.0,0.0
max,3000.0,55.0,8.0,1.0,7.0,9.0,7.0,6.0,1.0,1439.0,5.0,4.0,1.0
