,lengthFeet,speedLimit,numLanes,dividedTraffic,trafficLights,stopSigns,pedCrossings,dayOfWeek,holiday,timeOfDayMinutes,localWeather,localTraffic,localEvent
count,8000.0,8000.0,8000.0,8000.0,8000.0,8000.0,8000.0,8000.0,8000.0,8000.0,8000.0,8000.0,8000.0
mean,1643.025,35.19875,1.957875,0.50375,0.912125,0.804125,0.906125,3.012,0.029375,751.734625,0.948625,1.7835,0.00475
std,862.1799514362314,14.13941260488219,1.086392201452552,0.5000171893532322,0.9763565657038028,0.9443884095320673,0.9756697575560473,2.0186295742829516,0.16886584567114002,273.7425516323342,1.0491058989794162,1.2068802011705624,0.06876066101749564
min,300.0,15.0,1.0,0.0,0.0,0.0,0.0,0.0,0.0,-62.0,0.0,0.0,0.0
25%,900.0,25.0,1.0,0.0,0.0,0.0,0.0,1.0,0.0,517.0,0.0,1.0,0.0
50%,1500.0,35.0,2.0,1.0,1.0,1.0,1.0,3.0,0.0,744.0,1.0,2.0,0.0
75%,2400.0,45.0,2.0,1.0,1.0,1.0,1.0,5.0,0.0,984.0,1.0,3.0,0.0
max,3000.0,55.0,12.0,1.0,8.0,8.0,9.0,6.0,1.0,1517.0,5.0,4.0,1.0
