,lengthFeet,speedLimit,numLanes,dividedTraffic,trafficLights,stopSigns,pedCrossings,dayOfWeek,holiday,timeOfDayMinutes,cloudWeather,cloudTraffic,cloudEvent,localWeather,localTraffic,localEvent
count,8000.0,8000.0,8000.0,8000.0,8000.0,8000.0,8000.0,8000.0,8000.0,8000.0,8000.0,8000.0,8000.0,8000.0,8000.0,8000.0
mean,1647.4875,35.13625,1.965125,0.505875,0.904375,0.8105,0.907375,3.02925,0.02875,755.783875,0.944,1.797,0.00575,0.9525,1.801375,0.005125
std,860.0355486762586,14.162238772997119,1.0897509711041224,0.4999967339560788,0.9641561382926399,0.9643422600401335,0.9825559965777021,2.0176479624584043,0.1671135193993764,273.5953430094323,1.0521418037968608,1.1860509430901147,0.0756151585763451,1.0624899343558865,1.205136778007672,0.07140988584555052
min,300.0,15.0,1.0,0.0,0.0,0.0,0.0,0.0,0.0,-255.0,0.0,0.0,0.0,0.0,0.0,0.0
25%,900.0,25.0,1.0,0.0,0.0,0.0,0.0,1.0,0.0,521.0,0.0,1.0,0.0,0.0,1.0,0.0
50%,1500.0,35.0,2.0,1.0,1.0,1.0,1.0,3.0,0.0,754.0,1.0,2.0,0.0,1.0,2.0,0.0
75%,2400.0,45.0,2.0,1.0,1.0,1.0,1.0,5.0,0.0,987.0,1.0,3.0,0.0,1.0,3.0,0.0
max,3000.0,55.0,12.0,1.0,8.0,9.0,9.0,6.0,1.0,1517.0,5.0,4.0,1.0,5.0,4.0,1.0
